no_attrib,scaling,test_size,activation,optimiser,no_epochs,batch_size,loss
1,False,0.3,relu,adam,100,10,30.065805736340973
2,False,0.3,relu,adam,100,10,25.464833510549443
3,False,0.3,relu,adam,100,10,19.564843729922647
4,False,0.3,relu,adam,100,10,16.169366936934622
5,False,0.3,relu,adam,100,10,15.353165375558953
6,False,0.3,relu,adam,100,10,13.1494914105064
7,False,0.3,relu,adam,100,10,12.364812750565378
8,False,0.3,relu,adam,100,10,16.18988579197934
9,False,0.3,relu,adam,100,10,16.43893984744423
10,False,0.3,relu,adam,100,10,20.55236173930921
11,False,0.3,relu,adam,100,10,13.558720036556846
1,False,0.3,tanh,adam,100,10,26.2423970071893
2,False,0.3,tanh,adam,100,10,17.782340049743652
3,False,0.3,tanh,adam,100,10,25.782956876252825
4,False,0.3,tanh,adam,100,10,29.021723697060033
5,False,0.3,tanh,adam,100,10,22.829637728239362
6,False,0.3,tanh,adam,100,10,20.75102710723877
7,False,0.3,tanh,adam,100,10,17.595299670570775
8,False,0.3,tanh,adam,100,10,25.220746492084704
9,False,0.3,tanh,adam,100,10,22.728034671984222
10,False,0.3,tanh,adam,100,10,18.102632321809466
11,False,0.3,tanh,adam,100,10,16.45069875215229
1,False,0.3,sigmoid,adam,100,10,45.7580051924053
2,False,0.3,sigmoid,adam,100,10,28.318016052246094
3,False,0.3,sigmoid,adam,100,10,33.37407774674265
4,False,0.3,sigmoid,adam,100,10,27.08450954838803
5,False,0.3,sigmoid,adam,100,10,13.97707728335732
6,False,0.3,sigmoid,adam,100,10,20.785776564949437
7,False,0.3,sigmoid,adam,100,10,23.871161009136
8,False,0.3,sigmoid,adam,100,10,27.451928289313067
9,False,0.3,sigmoid,adam,100,10,22.99618314441882
10,False,0.3,sigmoid,adam,100,10,17.42241056341874
11,False,0.3,sigmoid,adam,100,10,16.673457898591693
1,False,0.3,exponential,adam,100,10,28.67405023072895
2,False,0.3,exponential,adam,100,10,20.342785785072728
3,False,0.3,exponential,adam,100,10,15.344741620515522
4,False,0.3,exponential,adam,100,10,15.118729490982858
5,False,0.3,exponential,adam,100,10,18.188786757619756
6,False,0.3,exponential,adam,100,10,11.052795861896715
7,False,0.3,exponential,adam,100,10,11.769799684223376
8,False,0.3,exponential,adam,100,10,21.785516839278372
9,False,0.3,exponential,adam,100,10,18.045774108485173
10,False,0.3,exponential,adam,100,10,16.458487560874538
11,False,0.3,exponential,adam,100,10,8.532958934181615
1,False,0.3,elu,adam,100,10,30.030059814453125
2,False,0.3,elu,adam,100,10,30.36116589997944
3,False,0.3,elu,adam,100,10,11.954625581440173
4,False,0.3,elu,adam,100,10,14.450045008408395
5,False,0.3,elu,adam,100,10,15.82167515001799
6,False,0.3,elu,adam,100,10,23.311205512598942
7,False,0.3,elu,adam,100,10,11.79116816269724
8,False,0.3,elu,adam,100,10,13.112730929726048
9,False,0.3,elu,adam,100,10,12.637064933776855
10,False,0.3,elu,adam,100,10,10.487661964014956
11,False,0.3,elu,adam,100,10,10.679322543897127
1,False,0.3,linear,adam,100,10,40.174903066534746
2,False,0.3,linear,adam,100,10,34.6404625742059
3,False,0.3,linear,adam,100,10,27.93530102779991
4,False,0.3,linear,adam,100,10,29.282108708431846
5,False,0.3,linear,adam,100,10,25.316547293412057
6,False,0.3,linear,adam,100,10,33.85663986206055
7,False,0.3,linear,adam,100,10,29.012720208418997
8,False,0.3,linear,adam,100,10,24.662740406237152
9,False,0.3,linear,adam,100,10,36.03098598279451
10,False,0.3,linear,adam,100,10,28.663206401624176
11,False,0.3,linear,adam,100,10,27.31665832117984
1,False,0.3,relu,nadam,100,10,25.967591586865876
2,False,0.3,relu,nadam,100,10,22.805781038183916
3,False,0.3,relu,nadam,100,10,20.828602238705283
4,False,0.3,relu,nadam,100,10,14.693142690156636
5,False,0.3,relu,nadam,100,10,13.92202844117817
6,False,0.3,relu,nadam,100,10,20.71894786232396
7,False,0.3,relu,nadam,100,10,23.350876431716117
8,False,0.3,relu,nadam,100,10,11.33165515096564
9,False,0.3,relu,nadam,100,10,9.930582874699644
10,False,0.3,relu,nadam,100,10,15.929587263810006
11,False,0.3,relu,nadam,100,10,17.069890122664603
1,False,0.3,tanh,nadam,100,10,30.663372441342002
2,False,0.3,tanh,nadam,100,10,22.42462870949193
3,False,0.3,tanh,nadam,100,10,21.67079960672479
4,False,0.3,tanh,nadam,100,10,14.415178399336966
5,False,0.3,tanh,nadam,100,10,23.430391612805817
6,False,0.3,tanh,nadam,100,10,15.957922282971834
7,False,0.3,tanh,nadam,100,10,14.787419469732987
8,False,0.3,tanh,nadam,100,10,13.303467800742702
9,False,0.3,tanh,nadam,100,10,24.271540792364824
10,False,0.3,tanh,nadam,100,10,13.846994299637643
11,False,0.3,tanh,nadam,100,10,13.817465882552298
1,False,0.3,sigmoid,nadam,100,10,38.0934480365954
2,False,0.3,sigmoid,nadam,100,10,20.55889902616802
3,False,0.3,sigmoid,nadam,100,10,19.28875601919074
4,False,0.3,sigmoid,nadam,100,10,12.775486092818412
5,False,0.3,sigmoid,nadam,100,10,17.606915524131374
6,False,0.3,sigmoid,nadam,100,10,14.465035739697909
7,False,0.3,sigmoid,nadam,100,10,24.19122444955926
8,False,0.3,sigmoid,nadam,100,10,14.269680173773514
9,False,0.3,sigmoid,nadam,100,10,12.576274420085706
10,False,0.3,sigmoid,nadam,100,10,14.65125154194079
11,False,0.3,sigmoid,nadam,100,10,15.15119517476935
1,False,0.3,exponential,nadam,100,10,22.63507571973299
2,False,0.3,exponential,nadam,100,10,19.692926958987588
3,False,0.3,exponential,nadam,100,10,22.27810287475586
4,False,0.3,exponential,nadam,100,10,12.347971765618576
5,False,0.3,exponential,nadam,100,10,14.436507827357241
6,False,0.3,exponential,nadam,100,10,11.107926017359683
7,False,0.3,exponential,nadam,100,10,48.00687190106041
8,False,0.3,exponential,nadam,100,10,154.71051221144828
9,False,0.3,exponential,nadam,100,10,21.164852845041377
10,False,0.3,exponential,nadam,100,10,10.531677296287135
11,False,0.3,exponential,nadam,100,10,12.812506073399595
1,False,0.3,elu,nadam,100,10,41.13230885957417
2,False,0.3,elu,nadam,100,10,19.22409112829911
3,False,0.3,elu,nadam,100,10,21.06711563311125
4,False,0.3,elu,nadam,100,10,18.16057666979338
5,False,0.3,elu,nadam,100,10,8.04328203201294
6,False,0.3,elu,nadam,100,10,11.416415992536043
7,False,0.3,elu,nadam,100,10,9.37557305787739
8,False,0.3,elu,nadam,100,10,15.782637847097297
9,False,0.3,elu,nadam,100,10,16.70348132284064
10,False,0.3,elu,nadam,100,10,11.30209503675762
11,False,0.3,elu,nadam,100,10,12.861312966597708
1,False,0.3,linear,nadam,100,10,38.43679252423738
2,False,0.3,linear,nadam,100,10,30.725331155877363
3,False,0.3,linear,nadam,100,10,24.791226939151162
4,False,0.3,linear,nadam,100,10,27.30812604803788
5,False,0.3,linear,nadam,100,10,27.902203409295332
6,False,0.3,linear,nadam,100,10,34.95905946430407
7,False,0.3,linear,nadam,100,10,33.426495803029916
8,False,0.3,linear,nadam,100,10,27.404319562410052
9,False,0.3,linear,nadam,100,10,21.255873278567666
10,False,0.3,linear,nadam,100,10,28.904876508210833
11,False,0.3,linear,nadam,100,10,19.55594243501362
1,False,0.3,relu,sgd,100,10,48.98527205617804
2,False,0.3,relu,sgd,100,10,27.527659366005345
3,False,0.3,relu,sgd,100,10,73.41984899420487
4,False,0.3,relu,sgd,100,10,23.2539926830091
5,False,0.3,relu,sgd,100,10,9.804587916324014
6,False,0.3,relu,sgd,100,10,23.14751484519557
7,False,0.3,relu,sgd,100,10,11.943988699662057
8,False,0.3,relu,sgd,100,10,15.446267880891499
9,False,0.3,relu,sgd,100,10,10.321278923436216
10,False,0.3,relu,sgd,100,10,13.807753864087557
11,False,0.3,relu,sgd,100,10,13.610030149158678
1,False,0.3,tanh,sgd,100,10,29.40943938807437
2,False,0.3,tanh,sgd,100,10,14.833296524850946
3,False,0.3,tanh,sgd,100,10,13.294807534468802
4,False,0.3,tanh,sgd,100,10,17.69672845539294
5,False,0.3,tanh,sgd,100,10,24.079791420384456
6,False,0.3,tanh,sgd,100,10,13.580674773768374
7,False,0.3,tanh,sgd,100,10,14.729045667146382
8,False,0.3,tanh,sgd,100,10,16.362593299464177
9,False,0.3,tanh,sgd,100,10,19.317762174104388
10,False,0.3,tanh,sgd,100,10,14.325111840900622
11,False,0.3,tanh,sgd,100,10,10.59778860995644
1,False,0.3,sigmoid,sgd,100,10,21.26731420818128
2,False,0.3,sigmoid,sgd,100,10,24.074812261681807
3,False,0.3,sigmoid,sgd,100,10,18.044619108501234
4,False,0.3,sigmoid,sgd,100,10,24.174215417159232
5,False,0.3,sigmoid,sgd,100,10,10.890854233189634
6,False,0.3,sigmoid,sgd,100,10,17.090164134376927
7,False,0.3,sigmoid,sgd,100,10,14.276955203006143
8,False,0.3,sigmoid,sgd,100,10,12.418428119860197
9,False,0.3,sigmoid,sgd,100,10,10.657657548000937
10,False,0.3,sigmoid,sgd,100,10,10.206815468637567
11,False,0.3,sigmoid,sgd,100,10,8.657050760168778
1,False,0.3,exponential,sgd,100,10,24.890322936208623
2,False,0.3,exponential,sgd,100,10,
3,False,0.3,exponential,sgd,100,10,
4,False,0.3,exponential,sgd,100,10,
5,False,0.3,exponential,sgd,100,10,
6,False,0.3,exponential,sgd,100,10,
7,False,0.3,exponential,sgd,100,10,
8,False,0.3,exponential,sgd,100,10,
9,False,0.3,exponential,sgd,100,10,
10,False,0.3,exponential,sgd,100,10,
11,False,0.3,exponential,sgd,100,10,
1,False,0.3,elu,sgd,100,10,29.307377865439967
2,False,0.3,elu,sgd,100,10,23.104009302038897
3,False,0.3,elu,sgd,100,10,17.292526295310573
4,False,0.3,elu,sgd,100,10,23.237965232447575
5,False,0.3,elu,sgd,100,10,31.450498580932617
6,False,0.3,elu,sgd,100,10,10.21751614620811
7,False,0.3,elu,sgd,100,10,18.21234211168791
8,False,0.3,elu,sgd,100,10,15.342277125308389
9,False,0.3,elu,sgd,100,10,24.067759062114515
10,False,0.3,elu,sgd,100,10,19.908090591430664
11,False,0.3,elu,sgd,100,10,11.67353700336657
1,False,0.3,linear,sgd,100,10,36.71699995743601
2,False,0.3,linear,sgd,100,10,34.13797699777704
3,False,0.3,linear,sgd,100,10,33.614248978464225
4,False,0.3,linear,sgd,100,10,21.330623325548675
5,False,0.3,linear,sgd,100,10,28.740757239492314
6,False,0.3,linear,sgd,100,10,62.125466196160566
7,False,0.3,linear,sgd,100,10,19.14588617023669
8,False,0.3,linear,sgd,100,10,35.80622582686575
9,False,0.3,linear,sgd,100,10,24.52445411682129
10,False,0.3,linear,sgd,100,10,33.14008401569567
11,False,0.3,linear,sgd,100,10,33.472823544552455
1,True,0.3,relu,nadam,100,10,42.89150217959755
2,True,0.3,relu,nadam,100,10,20.20257061406186
3,True,0.3,relu,nadam,100,10,32.60180940126118
4,True,0.3,relu,nadam,100,10,18.49415487992136
5,True,0.3,relu,nadam,100,10,27.457857433118317
6,True,0.3,relu,nadam,100,10,20.650572726601048
7,True,0.3,relu,nadam,100,10,26.071468052111175
8,True,0.3,relu,nadam,100,10,16.938600941708213
9,True,0.3,relu,nadam,100,10,23.635476865266497
10,True,0.3,relu,nadam,100,10,26.054198265075684
11,True,0.3,relu,nadam,100,10,49.85190722816869
1,True,0.3,tanh,nadam,100,10,80.327046243768
2,True,0.3,tanh,nadam,100,10,24.90133998268529
3,True,0.3,tanh,nadam,100,10,30.094898324263724
4,True,0.3,tanh,nadam,100,10,20.079156975997122
5,True,0.3,tanh,nadam,100,10,39.08966727005808
6,True,0.3,tanh,nadam,100,10,40.6989083541067
7,True,0.3,tanh,nadam,100,10,83.82155087119655
8,True,0.3,tanh,nadam,100,10,34.78853265862716
9,True,0.3,tanh,nadam,100,10,46.84273428665964
10,True,0.3,tanh,nadam,100,10,82.47931149131374
11,True,0.3,tanh,nadam,100,10,86.8641212864926
1,True,0.3,sigmoid,nadam,100,10,33.59290112947163
2,True,0.3,sigmoid,nadam,100,10,26.64307403564453
3,True,0.3,sigmoid,nadam,100,10,24.22722023411801
4,True,0.3,sigmoid,nadam,100,10,22.210102081298828
5,True,0.3,sigmoid,nadam,100,10,53.53955188550447
6,True,0.3,sigmoid,nadam,100,10,80.06617134495785
7,True,0.3,sigmoid,nadam,100,10,45.68889738384046
8,True,0.3,sigmoid,nadam,100,10,78.55472002531353
9,True,0.3,sigmoid,nadam,100,10,87.41719055175781
10,True,0.3,sigmoid,nadam,100,10,49.0250802291067
11,True,0.3,sigmoid,nadam,100,10,50.08526551096063
1,True,0.3,exponential,nadam,100,10,396130.2115542763
2,True,0.3,exponential,nadam,100,10,9006216478.31579
3,True,0.3,exponential,nadam,100,10,215818281013.89474
4,True,0.3,exponential,nadam,100,10,285363066556.6316
5,True,0.3,exponential,nadam,100,10,
6,True,0.3,exponential,nadam,100,10,
7,True,0.3,exponential,nadam,100,10,
8,True,0.3,exponential,nadam,100,10,
9,True,0.3,exponential,nadam,100,10,
10,True,0.3,exponential,nadam,100,10,
11,True,0.3,exponential,nadam,100,10,
1,True,0.3,elu,nadam,100,10,24.721546474256012
2,True,0.3,elu,nadam,100,10,23.744915811639082
3,True,0.3,elu,nadam,100,10,21.71333599090576
4,True,0.3,elu,nadam,100,10,17.333400977285283
5,True,0.3,elu,nadam,100,10,25.77639931126645
6,True,0.3,elu,nadam,100,10,26.491369749370374
7,True,0.3,elu,nadam,100,10,25.780850962588662
8,True,0.3,elu,nadam,100,10,30.50600764625951
9,True,0.3,elu,nadam,100,10,23.234622051841335
10,True,0.3,elu,nadam,100,10,16.944652456986276
11,True,0.3,elu,nadam,100,10,30.442805942736175
1,True,0.3,linear,nadam,100,10,42.08679761384663
2,True,0.3,linear,nadam,100,10,26.518158360531455
3,True,0.3,linear,nadam,100,10,31.96297008112857
4,True,0.3,linear,nadam,100,10,21.183509425113076
5,True,0.3,linear,nadam,100,10,44.084062676680716
6,True,0.3,linear,nadam,100,10,37.44744863008198
7,True,0.3,linear,nadam,100,10,41.57594078465512
8,True,0.3,linear,nadam,100,10,27.5960424322831
9,True,0.3,linear,nadam,100,10,55.377675106650905
10,True,0.3,linear,nadam,100,10,38.93431522971705
11,True,0.3,linear,nadam,100,10,42.09895826640882
1,True,0.3,relu,adam,100,10,39.2377670689633
2,True,0.3,relu,adam,100,10,26.555880044635973
3,True,0.3,relu,adam,100,10,20.32148772791812
4,True,0.3,relu,adam,100,10,21.32559545416581
5,True,0.3,relu,adam,100,10,29.312247627659847
6,True,0.3,relu,adam,100,10,33.86450757478413
7,True,0.3,relu,adam,100,10,42.52577109085886
8,True,0.3,relu,adam,100,10,28.058458930567692
9,True,0.3,relu,adam,100,10,28.20606934396844
10,True,0.3,relu,adam,100,10,29.74266373483758
11,True,0.3,relu,adam,100,10,32.530204471788906
1,True,0.3,tanh,adam,100,10,79.08650267751594
2,True,0.3,tanh,adam,100,10,40.15823043020148
3,True,0.3,tanh,adam,100,10,18.296356502332184
4,True,0.3,tanh,adam,100,10,48.4352055599815
5,True,0.3,tanh,adam,100,10,58.65962721172132
6,True,0.3,tanh,adam,100,10,106.05845682244552
7,True,0.3,tanh,adam,100,10,31.830322516591924
8,True,0.3,tanh,adam,100,10,61.55084469443873
9,True,0.3,tanh,adam,100,10,67.63439258776214
10,True,0.3,tanh,adam,100,10,58.81913526434647
11,True,0.3,tanh,adam,100,10,72.71628831562244
1,True,0.3,sigmoid,adam,100,10,33.7671618210642
2,True,0.3,sigmoid,adam,100,10,44.96465652867367
3,True,0.3,sigmoid,adam,100,10,27.852561147589434
4,True,0.3,sigmoid,adam,100,10,34.104615813807435
5,True,0.3,sigmoid,adam,100,10,95.34361829255757
6,True,0.3,sigmoid,adam,100,10,74.68605844598068
7,True,0.3,sigmoid,adam,100,10,48.775990536338405
8,True,0.3,sigmoid,adam,100,10,54.28193508951288
9,True,0.3,sigmoid,adam,100,10,104.67997862163342
10,True,0.3,sigmoid,adam,100,10,73.56324647602283
11,True,0.3,sigmoid,adam,100,10,68.40208334671824
1,True,0.3,exponential,adam,100,10,38599688.28556743
2,True,0.3,exponential,adam,100,10,61671983.75
3,True,0.3,exponential,adam,100,10,517473123.3684211
4,True,0.3,exponential,adam,100,10,
5,True,0.3,exponential,adam,100,10,
6,True,0.3,exponential,adam,100,10,
7,True,0.3,exponential,adam,100,10,
8,True,0.3,exponential,adam,100,10,
9,True,0.3,exponential,adam,100,10,
10,True,0.3,exponential,adam,100,10,
11,True,0.3,exponential,adam,100,10,
1,True,0.3,elu,adam,100,10,29.027688277395146
2,True,0.3,elu,adam,100,10,26.654095900686162
3,True,0.3,elu,adam,100,10,17.403310775756836
4,True,0.3,elu,adam,100,10,21.77030412774337
5,True,0.3,elu,adam,100,10,23.214601516723633
6,True,0.3,elu,adam,100,10,21.14174240513852
7,True,0.3,elu,adam,100,10,15.562077572471217
8,True,0.3,elu,adam,100,10,26.901378681785182
9,True,0.3,elu,adam,100,10,35.36037515339098
10,True,0.3,elu,adam,100,10,31.36856279875103
11,True,0.3,elu,adam,100,10,29.239421944869193
1,True,0.3,linear,adam,100,10,45.86698411640368
2,True,0.3,linear,adam,100,10,21.38159892433568
3,True,0.3,linear,adam,100,10,40.05579175447163
4,True,0.3,linear,adam,100,10,34.47583519785028
5,True,0.3,linear,adam,100,10,27.17733563874897
6,True,0.3,linear,adam,100,10,34.575464951364616
7,True,0.3,linear,adam,100,10,42.607137981214024
8,True,0.3,linear,adam,100,10,26.75636843631142
9,True,0.3,linear,adam,100,10,20.772666931152344
10,True,0.3,linear,adam,100,10,34.10727992810701
11,True,0.3,linear,adam,100,10,33.63910654971474
1,True,0.3,relu,sgd,100,10,88.89398956298828
2,True,0.3,relu,sgd,100,10,71.6858243440327
3,True,0.3,relu,sgd,100,10,87.31551642166941
4,True,0.3,relu,sgd,100,10,63.86247253417969
5,True,0.3,relu,sgd,100,10,84.93242404335423
6,True,0.3,relu,sgd,100,10,71.7270871212608
7,True,0.3,relu,sgd,100,10,66.52941934685958
8,True,0.3,relu,sgd,100,10,76.56641026547081
9,True,0.3,relu,sgd,100,10,78.56695074784129
10,True,0.3,relu,sgd,100,10,
11,True,0.3,relu,sgd,100,10,
1,True,0.3,tanh,sgd,100,10,97.99454658909848
2,True,0.3,tanh,sgd,100,10,43.191389184249076
3,True,0.3,tanh,sgd,100,10,80.4810457731548
4,True,0.3,tanh,sgd,100,10,58.772932152999076
5,True,0.3,tanh,sgd,100,10,91.0213064896433
6,True,0.3,tanh,sgd,100,10,66.19699538381477
7,True,0.3,tanh,sgd,100,10,78.60053975958573
8,True,0.3,tanh,sgd,100,10,104.16061039974815
9,True,0.3,tanh,sgd,100,10,92.74257258365029
10,True,0.3,tanh,sgd,100,10,94.44779084858142
11,True,0.3,tanh,sgd,100,10,78.83648500944439
1,True,0.3,sigmoid,sgd,100,10,28.595283709074323
2,True,0.3,sigmoid,sgd,100,10,32.70983726099918
3,True,0.3,sigmoid,sgd,100,10,18.99813757444683
4,True,0.3,sigmoid,sgd,100,10,47.03602339092054
5,True,0.3,sigmoid,sgd,100,10,95.1179363853053
6,True,0.3,sigmoid,sgd,100,10,69.27068228470652
7,True,0.3,sigmoid,sgd,100,10,77.13177691007915
8,True,0.3,sigmoid,sgd,100,10,78.35391436125103
9,True,0.3,sigmoid,sgd,100,10,88.90622128938374
10,True,0.3,sigmoid,sgd,100,10,84.7559360704924
11,True,0.3,sigmoid,sgd,100,10,83.1576341327868
1,True,0.3,exponential,sgd,100,10,
2,True,0.3,exponential,sgd,100,10,
3,True,0.3,exponential,sgd,100,10,
4,True,0.3,exponential,sgd,100,10,
5,True,0.3,exponential,sgd,100,10,
6,True,0.3,exponential,sgd,100,10,
7,True,0.3,exponential,sgd,100,10,
8,True,0.3,exponential,sgd,100,10,
9,True,0.3,exponential,sgd,100,10,
10,True,0.3,exponential,sgd,100,10,
11,True,0.3,exponential,sgd,100,10,
1,True,0.3,elu,sgd,100,10,730306.5789473684
2,True,0.3,elu,sgd,100,10,108.80433875636051
3,True,0.3,elu,sgd,100,10,89.39934017783717
4,True,0.3,elu,sgd,100,10,
5,True,0.3,elu,sgd,100,10,2078827603213.4736
6,True,0.3,elu,sgd,100,10,4284511.2894736845
7,True,0.3,elu,sgd,100,10,3.571289652670169e+22
8,True,0.3,elu,sgd,100,10,77564963354.94737
9,True,0.3,elu,sgd,100,10,
10,True,0.3,elu,sgd,100,10,9.99252747775217e+24
11,True,0.3,elu,sgd,100,10,
1,True,0.3,linear,sgd,100,10,
2,True,0.3,linear,sgd,100,10,
3,True,0.3,linear,sgd,100,10,
4,True,0.3,linear,sgd,100,10,
5,True,0.3,linear,sgd,100,10,
6,True,0.3,linear,sgd,100,10,
7,True,0.3,linear,sgd,100,10,
8,True,0.3,linear,sgd,100,10,
9,True,0.3,linear,sgd,100,10,
10,True,0.3,linear,sgd,100,10,
11,True,0.3,linear,sgd,100,10,
1,False,0.3,relu,sgd,100,10,27.79007379632247
2,False,0.3,relu,sgd,100,10,21.630477704499896
3,False,0.3,relu,sgd,100,10,15.6849634270919
4,False,0.3,relu,sgd,100,10,19.908857144807513
5,False,0.3,relu,sgd,100,10,17.168017839130602
6,False,0.3,relu,sgd,100,10,20.201244053087738
7,False,0.3,relu,sgd,100,10,12.24225079385858
8,False,0.3,relu,sgd,100,10,19.65428768961053
9,False,0.3,relu,sgd,100,10,13.305708834999486
10,False,0.3,relu,sgd,100,10,14.6008065374274
11,False,0.3,relu,sgd,100,10,13.178629172475715
1,False,0.3,tanh,sgd,100,10,32.44765090942383
2,False,0.3,tanh,sgd,100,10,18.599669858029014
3,False,0.3,tanh,sgd,100,10,11.31919624930934
4,False,0.3,tanh,sgd,100,10,14.788368977998433
5,False,0.3,tanh,sgd,100,10,18.45779619718853
6,False,0.3,tanh,sgd,100,10,11.143114591899671
7,False,0.3,tanh,sgd,100,10,14.61286399238988
8,False,0.3,tanh,sgd,100,10,12.218257151151958
9,False,0.3,tanh,sgd,100,10,20.375750692267168
10,False,0.3,tanh,sgd,100,10,16.89396185623972
11,False,0.3,tanh,sgd,100,10,17.001164486533717
1,False,0.3,sigmoid,sgd,100,10,32.465302316766035
2,False,0.3,sigmoid,sgd,100,10,15.991775914242393
3,False,0.3,sigmoid,sgd,100,10,32.44395567241468
4,False,0.3,sigmoid,sgd,100,10,10.146079841412996
5,False,0.3,sigmoid,sgd,100,10,11.753431370383815
6,False,0.3,sigmoid,sgd,100,10,13.97657248848363
7,False,0.3,sigmoid,sgd,100,10,10.779243092787894
8,False,0.3,sigmoid,sgd,100,10,13.245101677744012
9,False,0.3,sigmoid,sgd,100,10,18.10141538318835
10,False,0.3,sigmoid,sgd,100,10,15.499570946944388
11,False,0.3,sigmoid,sgd,100,10,8.382594811288934
1,False,0.3,exponential,sgd,100,10,26.261010019402754
2,False,0.3,exponential,sgd,100,10,
3,False,0.3,exponential,sgd,100,10,
4,False,0.3,exponential,sgd,100,10,
5,False,0.3,exponential,sgd,100,10,
6,False,0.3,exponential,sgd,100,10,
7,False,0.3,exponential,sgd,100,10,
8,False,0.3,exponential,sgd,100,10,
9,False,0.3,exponential,sgd,100,10,
10,False,0.3,exponential,sgd,100,10,
11,False,0.3,exponential,sgd,100,10,
1,False,0.3,elu,sgd,100,10,27.043508630049857
2,False,0.3,elu,sgd,100,10,20.70425776431435
3,False,0.3,elu,sgd,100,10,19.506713816994115
4,False,0.3,elu,sgd,100,10,18.45651757089715
5,False,0.3,elu,sgd,100,10,30.44939512955515
6,False,0.3,elu,sgd,100,10,16.76882583216617
7,False,0.3,elu,sgd,100,10,17.85651919716283
8,False,0.3,elu,sgd,100,10,12.309678027504368
9,False,0.3,elu,sgd,100,10,13.539964776290091
10,False,0.3,elu,sgd,100,10,23.941525409096165
11,False,0.3,elu,sgd,100,10,13.449912974708958
1,False,0.3,linear,sgd,100,10,41.65793629696495
2,False,0.3,linear,sgd,100,10,31.43524782281173
3,False,0.3,linear,sgd,100,10,29.30221898932206
4,False,0.3,linear,sgd,100,10,37.022550884046055
5,False,0.3,linear,sgd,100,10,19.021943142539577
6,False,0.3,linear,sgd,100,10,29.00105737384997
7,False,0.3,linear,sgd,100,10,25.00098348918714
8,False,0.3,linear,sgd,100,10,24.761734510722913
9,False,0.3,linear,sgd,100,10,29.315958324231598
10,False,0.3,linear,sgd,100,10,29.576759237992135
11,False,0.3,linear,sgd,100,10,37.04733406869989
1,False,0.3,relu,adam,100,10,33.61843149285568
2,False,0.3,relu,adam,100,10,24.850392391807155
3,False,0.3,relu,adam,100,10,29.32397054371081
4,False,0.3,relu,adam,100,10,15.568912305329976
5,False,0.3,relu,adam,100,10,9.291601130836888
6,False,0.3,relu,adam,100,10,11.294491115369295
7,False,0.3,relu,adam,100,10,20.884950537430612
8,False,0.3,relu,adam,100,10,15.307381027623228
9,False,0.3,relu,adam,100,10,10.980901166012412
10,False,0.3,relu,adam,100,10,19.858211015400133
11,False,0.3,relu,adam,100,10,12.031937097248278
1,False,0.3,tanh,adam,100,10,29.274494171142578
2,False,0.3,tanh,adam,100,10,26.75885551854184
3,False,0.3,tanh,adam,100,10,24.534681972704437
4,False,0.3,tanh,adam,100,10,19.63809168966193
5,False,0.3,tanh,adam,100,10,25.219316582930716
6,False,0.3,tanh,adam,100,10,24.91740698563425
7,False,0.3,tanh,adam,100,10,19.60824449438798
8,False,0.3,tanh,adam,100,10,21.706991797999333
9,False,0.3,tanh,adam,100,10,15.34737381182219
10,False,0.3,tanh,adam,100,10,32.794270967182364
11,False,0.3,tanh,adam,100,10,16.365431685196725
1,False,0.3,sigmoid,adam,100,10,37.50049069053248
2,False,0.3,sigmoid,adam,100,10,24.484426799573395
3,False,0.3,sigmoid,adam,100,10,28.58014006363718
4,False,0.3,sigmoid,adam,100,10,24.72955994856985
5,False,0.3,sigmoid,adam,100,10,24.3128863886783
6,False,0.3,sigmoid,adam,100,10,17.874096418681898
7,False,0.3,sigmoid,adam,100,10,18.77944604974044
8,False,0.3,sigmoid,adam,100,10,21.632267650805023
9,False,0.3,sigmoid,adam,100,10,34.17735732229132
10,False,0.3,sigmoid,adam,100,10,23.564391487523128
11,False,0.3,sigmoid,adam,100,10,20.165609409934596
1,False,0.3,exponential,adam,100,10,24.914080971165706
2,False,0.3,exponential,adam,100,10,29.219402915553044
3,False,0.3,exponential,adam,100,10,20.80786785326506
4,False,0.3,exponential,adam,100,10,16.515722701424046
5,False,0.3,exponential,adam,100,10,11.047307064658717
6,False,0.3,exponential,adam,100,10,25.149753721136797
7,False,0.3,exponential,adam,100,10,44.66729026091726
8,False,0.3,exponential,adam,100,10,19.18062230160362
9,False,0.3,exponential,adam,100,10,15.521627401050768
10,False,0.3,exponential,adam,100,10,21.711558693333675
11,False,0.3,exponential,adam,100,10,8.784706617656507
1,False,0.3,elu,adam,100,10,42.17825718929893
2,False,0.3,elu,adam,100,10,20.177652911136025
3,False,0.3,elu,adam,100,10,22.3642544495432
4,False,0.3,elu,adam,100,10,20.771123333981162
5,False,0.3,elu,adam,100,10,13.201626175328306
6,False,0.3,elu,adam,100,10,11.820851677342466
7,False,0.3,elu,adam,100,10,13.171344932756925
8,False,0.3,elu,adam,100,10,13.652759752775493
9,False,0.3,elu,adam,100,10,12.577403419896177
10,False,0.3,elu,adam,100,10,11.16983760030646
11,False,0.3,elu,adam,100,10,12.235374852230674
1,False,0.3,linear,adam,100,10,37.16233855799625
2,False,0.3,linear,adam,100,10,28.050242072657536
3,False,0.3,linear,adam,100,10,36.33649454618755
4,False,0.3,linear,adam,100,10,26.128069827431126
5,False,0.3,linear,adam,100,10,31.263509047658818
6,False,0.3,linear,adam,100,10,26.32489626031173
7,False,0.3,linear,adam,100,10,23.92336704856471
8,False,0.3,linear,adam,100,10,30.17585111919202
9,False,0.3,linear,adam,100,10,30.104656821803044
10,False,0.3,linear,adam,100,10,29.66034608138235
11,False,0.3,linear,adam,100,10,20.685638929668226
1,False,0.3,relu,nadam,100,10,32.18045274834884
2,False,0.3,relu,nadam,100,10,20.837484309547825
3,False,0.3,relu,nadam,100,10,21.49659703907214
4,False,0.3,relu,nadam,100,10,19.1437692391245
5,False,0.3,relu,nadam,100,10,15.0902210536756
6,False,0.3,relu,nadam,100,10,13.891954723157381
7,False,0.3,relu,nadam,100,10,12.652036968030428
8,False,0.3,relu,nadam,100,10,14.7607354615864
9,False,0.3,relu,nadam,100,10,10.335158900210732
10,False,0.3,relu,nadam,100,10,11.61633361013312
11,False,0.3,relu,nadam,100,10,15.704056012003045
1,False,0.3,tanh,nadam,100,10,35.21807620399877
2,False,0.3,tanh,nadam,100,10,22.624043715627568
3,False,0.3,tanh,nadam,100,10,11.755308402212043
4,False,0.3,tanh,nadam,100,10,16.060325923718903
5,False,0.3,tanh,nadam,100,10,20.69992306357936
6,False,0.3,tanh,nadam,100,10,22.261795395299007
7,False,0.3,tanh,nadam,100,10,16.48350173548648
8,False,0.3,tanh,nadam,100,10,10.633772824939928
9,False,0.3,tanh,nadam,100,10,16.417875791850843
10,False,0.3,tanh,nadam,100,10,19.543442625748483
11,False,0.3,tanh,nadam,100,10,18.02534670578806
1,False,0.3,sigmoid,nadam,100,10,24.080835844341077
2,False,0.3,sigmoid,nadam,100,10,17.460829609318782
3,False,0.3,sigmoid,nadam,100,10,14.786962207994963
4,False,0.3,sigmoid,nadam,100,10,13.5599634270919
5,False,0.3,sigmoid,nadam,100,10,23.133139409516986
6,False,0.3,sigmoid,nadam,100,10,18.052979619879473
7,False,0.3,sigmoid,nadam,100,10,10.967373546801115
8,False,0.3,sigmoid,nadam,100,10,15.84527261633622
9,False,0.3,sigmoid,nadam,100,10,12.025126356827585
10,False,0.3,sigmoid,nadam,100,10,14.918110998053299
11,False,0.3,sigmoid,nadam,100,10,17.04615316892925
1,False,0.3,exponential,nadam,100,10,37.45290806418971
2,False,0.3,exponential,nadam,100,10,27.746466737044486
3,False,0.3,exponential,nadam,100,10,14.109333239103618
4,False,0.3,exponential,nadam,100,10,17.288033836766292
5,False,0.3,exponential,nadam,100,10,11.639157997934442
6,False,0.3,exponential,nadam,100,10,15.252271351061369
7,False,0.3,exponential,nadam,100,10,16.42903332961233
8,False,0.3,exponential,nadam,100,10,19.595378599668805
9,False,0.3,exponential,nadam,100,10,17.877399846127158
10,False,0.3,exponential,nadam,100,10,21.998014851620322
11,False,0.3,exponential,nadam,100,10,11.245891571044922
1,False,0.3,elu,nadam,100,10,29.08399792721397
2,False,0.3,elu,nadam,100,10,19.765809962623997
3,False,0.3,elu,nadam,100,10,13.68456368697317
4,False,0.3,elu,nadam,100,10,20.555421929610404
5,False,0.3,elu,nadam,100,10,14.55770582901804
6,False,0.3,elu,nadam,100,10,10.11413197768362
7,False,0.3,elu,nadam,100,10,13.925794325376811
8,False,0.3,elu,nadam,100,10,13.23333780389083
9,False,0.3,elu,nadam,100,10,15.517820458663138
10,False,0.3,elu,nadam,100,10,9.229036782917223
11,False,0.3,elu,nadam,100,10,15.957923914256849
1,False,0.3,linear,nadam,100,10,40.24494512457596
2,False,0.3,linear,nadam,100,10,27.353367052580182
3,False,0.3,linear,nadam,100,10,36.504969145122324
4,False,0.3,linear,nadam,100,10,25.409429851331208
5,False,0.3,linear,nadam,100,10,22.3264630970202
6,False,0.3,linear,nadam,100,10,26.75742493177715
7,False,0.3,linear,nadam,100,10,27.397560721949528
8,False,0.3,linear,nadam,100,10,22.321579832779733
9,False,0.3,linear,nadam,100,10,28.645300614206416
10,False,0.3,linear,nadam,100,10,29.555950265181693
11,False,0.3,linear,nadam,100,10,23.128361952932256
1,True,0.3,relu,sgd,100,10,96.60765276457134
2,True,0.3,relu,sgd,100,10,83.7184002524928
3,True,0.3,relu,sgd,100,10,81.5194794504266
4,True,0.3,relu,sgd,100,10,93.73304748535156
5,True,0.3,relu,sgd,100,10,106.42953691984478
6,True,0.3,relu,sgd,100,10,76.70858403256065
7,True,0.3,relu,sgd,100,10,79.31223216809724
8,True,0.3,relu,sgd,100,10,95.19510249087685
9,True,0.3,relu,sgd,100,10,90.25602842632092
10,True,0.3,relu,sgd,100,10,85.86848369397615
11,True,0.3,relu,sgd,100,10,79.01746388485557
1,True,0.3,tanh,sgd,100,10,73.87128629182514
2,True,0.3,tanh,sgd,100,10,67.3467355025442
3,True,0.3,tanh,sgd,100,10,82.17990313078228
4,True,0.3,tanh,sgd,100,10,78.25311841462788
5,True,0.3,tanh,sgd,100,10,94.48370200709293
6,True,0.3,tanh,sgd,100,10,84.23931202135589
7,True,0.3,tanh,sgd,100,10,80.87494237799393
8,True,0.3,tanh,sgd,100,10,103.9523492110403
9,True,0.3,tanh,sgd,100,10,94.50795585230777
10,True,0.3,tanh,sgd,100,10,73.09635322972348
11,True,0.3,tanh,sgd,100,10,108.40051389995374
1,True,0.3,sigmoid,sgd,100,10,65.51116080033152
2,True,0.3,sigmoid,sgd,100,10,24.877811833431846
3,True,0.3,sigmoid,sgd,100,10,25.92715132863898
4,True,0.3,sigmoid,sgd,100,10,71.03046196385434
5,True,0.3,sigmoid,sgd,100,10,80.44612643593236
6,True,0.3,sigmoid,sgd,100,10,74.23273789255242
7,True,0.3,sigmoid,sgd,100,10,79.08399059897975
8,True,0.3,sigmoid,sgd,100,10,83.22816908986945
9,True,0.3,sigmoid,sgd,100,10,87.18410973799855
10,True,0.3,sigmoid,sgd,100,10,72.41459093595806
11,True,0.3,sigmoid,sgd,100,10,101.3106938412315
1,True,0.3,exponential,sgd,100,10,
2,True,0.3,exponential,sgd,100,10,
3,True,0.3,exponential,sgd,100,10,
4,True,0.3,exponential,sgd,100,10,
5,True,0.3,exponential,sgd,100,10,
6,True,0.3,exponential,sgd,100,10,
7,True,0.3,exponential,sgd,100,10,
8,True,0.3,exponential,sgd,100,10,
9,True,0.3,exponential,sgd,100,10,
10,True,0.3,exponential,sgd,100,10,
11,True,0.3,exponential,sgd,100,10,
1,True,0.3,elu,sgd,100,10,
2,True,0.3,elu,sgd,100,10,98.29568160207648
3,True,0.3,elu,sgd,100,10,76.83985278480931
4,True,0.3,elu,sgd,100,10,101.59473057797081
5,True,0.3,elu,sgd,100,10,966410360724.2106
6,True,0.3,elu,sgd,100,10,4.503599627370496e+17
7,True,0.3,elu,sgd,100,10,
8,True,0.3,elu,sgd,100,10,26441419.36842105
9,True,0.3,elu,sgd,100,10,
10,True,0.3,elu,sgd,100,10,
11,True,0.3,elu,sgd,100,10,
1,True,0.3,linear,sgd,100,10,
2,True,0.3,linear,sgd,100,10,
3,True,0.3,linear,sgd,100,10,
4,True,0.3,linear,sgd,100,10,
5,True,0.3,linear,sgd,100,10,
6,True,0.3,linear,sgd,100,10,
7,True,0.3,linear,sgd,100,10,
8,True,0.3,linear,sgd,100,10,
9,True,0.3,linear,sgd,100,10,
10,True,0.3,linear,sgd,100,10,
11,True,0.3,linear,sgd,100,10,
1,True,0.3,relu,adam,100,10,25.887998279772308
2,True,0.3,relu,adam,100,10,21.19980942575555
3,True,0.3,relu,adam,100,10,32.804946297093444
4,True,0.3,relu,adam,100,10,22.187435150146484
5,True,0.3,relu,adam,100,10,28.177692413330078
6,True,0.3,relu,adam,100,10,33.37781163265831
7,True,0.3,relu,adam,100,10,31.64455213044819
8,True,0.3,relu,adam,100,10,37.40411045676783
9,True,0.3,relu,adam,100,10,32.74264466135126
10,True,0.3,relu,adam,100,10,32.90857174521998
11,True,0.3,relu,adam,100,10,30.937712518792402
1,True,0.3,tanh,adam,100,10,81.54439825760691
2,True,0.3,tanh,adam,100,10,35.24130289178146
3,True,0.3,tanh,adam,100,10,22.50196943785015
4,True,0.3,tanh,adam,100,10,26.675723929154245
5,True,0.3,tanh,adam,100,10,52.63066884091026
6,True,0.3,tanh,adam,100,10,47.58278354845549
7,True,0.3,tanh,adam,100,10,48.310834181936166
8,True,0.3,tanh,adam,100,10,94.47519603528474
9,True,0.3,tanh,adam,100,10,79.20958268015008
10,True,0.3,tanh,adam,100,10,85.4438143278423
11,True,0.3,tanh,adam,100,10,69.11208363583214
1,True,0.3,sigmoid,adam,100,10,39.25837858099686
2,True,0.3,sigmoid,adam,100,10,33.20523452758789
3,True,0.3,sigmoid,adam,100,10,23.571432063454075
4,True,0.3,sigmoid,adam,100,10,25.6557425448769
5,True,0.3,sigmoid,adam,100,10,60.029048116583574
6,True,0.3,sigmoid,adam,100,10,69.04068434865852
7,True,0.3,sigmoid,adam,100,10,59.66973294709858
8,True,0.3,sigmoid,adam,100,10,53.762006860030326
9,True,0.3,sigmoid,adam,100,10,77.79269650107936
10,True,0.3,sigmoid,adam,100,10,45.757882469578796
11,True,0.3,sigmoid,adam,100,10,43.971722853811166
1,True,0.3,exponential,adam,100,10,70052107.01973684
2,True,0.3,exponential,adam,100,10,2053630663501.4736
3,True,0.3,exponential,adam,100,10,1614308444.631579
4,True,0.3,exponential,adam,100,10,
5,True,0.3,exponential,adam,100,10,
6,True,0.3,exponential,adam,100,10,
7,True,0.3,exponential,adam,100,10,
8,True,0.3,exponential,adam,100,10,
9,True,0.3,exponential,adam,100,10,
10,True,0.3,exponential,adam,100,10,
11,True,0.3,exponential,adam,100,10,
1,True,0.3,elu,adam,100,10,32.14902446144506
2,True,0.3,elu,adam,100,10,28.476435058995296
3,True,0.3,elu,adam,100,10,23.975685119628906
4,True,0.3,elu,adam,100,10,14.87881068179482
5,True,0.3,elu,adam,100,10,21.975836854231986
6,True,0.3,elu,adam,100,10,42.63331242611534
7,True,0.3,elu,adam,100,10,29.057005731683027
8,True,0.3,elu,adam,100,10,25.224979902568617
9,True,0.3,elu,adam,100,10,22.704991491217363
10,True,0.3,elu,adam,100,10,35.62215283042506
11,True,0.3,elu,adam,100,10,30.383813356098376
1,True,0.3,linear,adam,100,10,37.68863858674702
2,True,0.3,linear,adam,100,10,40.67300535503187
3,True,0.3,linear,adam,100,10,34.733096172935085
4,True,0.3,linear,adam,100,10,25.30106644881399
5,True,0.3,linear,adam,100,10,37.740801761024876
6,True,0.3,linear,adam,100,10,23.22586360730623
7,True,0.3,linear,adam,100,10,39.82263344212582
8,True,0.3,linear,adam,100,10,58.486836082056946
9,True,0.3,linear,adam,100,10,26.147897619950143
10,True,0.3,linear,adam,100,10,55.07888733713251
11,True,0.3,linear,adam,100,10,26.260594016627262
1,True,0.3,relu,nadam,100,10,44.1196931537829
2,True,0.3,relu,nadam,100,10,26.10771199276573
3,True,0.3,relu,nadam,100,10,24.8831460852372
4,True,0.3,relu,nadam,100,10,19.62757030286287
5,True,0.3,relu,nadam,100,10,21.016314355950605
6,True,0.3,relu,nadam,100,10,25.907586750231292
7,True,0.3,relu,nadam,100,10,35.12002744172749
8,True,0.3,relu,nadam,100,10,35.96185403121145
9,True,0.3,relu,nadam,100,10,27.627036496212607
10,True,0.3,relu,nadam,100,10,34.22292719389263
11,True,0.3,relu,nadam,100,10,24.500600513659027
1,True,0.3,tanh,nadam,100,10,82.93671618009868
2,True,0.3,tanh,nadam,100,10,33.991684562281556
3,True,0.3,tanh,nadam,100,10,24.862561075310957
4,True,0.3,tanh,nadam,100,10,21.55002132214998
5,True,0.3,tanh,nadam,100,10,90.9512919375771
6,True,0.3,tanh,nadam,100,10,92.41150183426707
7,True,0.3,tanh,nadam,100,10,41.44060295506527
8,True,0.3,tanh,nadam,100,10,82.51063095895867
9,True,0.3,tanh,nadam,100,10,86.7081234580592
10,True,0.3,tanh,nadam,100,10,52.8552256132427
11,True,0.3,tanh,nadam,100,10,68.44824138440583
1,True,0.3,sigmoid,nadam,100,10,32.876045628597865
2,True,0.3,sigmoid,nadam,100,10,23.875362095079925
3,True,0.3,sigmoid,nadam,100,10,24.347849695306074
4,True,0.3,sigmoid,nadam,100,10,22.072320636950042
5,True,0.3,sigmoid,nadam,100,10,45.89433449193051
6,True,0.3,sigmoid,nadam,100,10,45.774628488641035
7,True,0.3,sigmoid,nadam,100,10,33.20755898325067
8,True,0.3,sigmoid,nadam,100,10,45.01041593049702
9,True,0.3,sigmoid,nadam,100,10,80.93976472553454
10,True,0.3,sigmoid,nadam,100,10,41.20035181547466
11,True,0.3,sigmoid,nadam,100,10,39.19864915546618
1,True,0.3,exponential,nadam,100,10,2415515.6887335526
2,True,0.3,exponential,nadam,100,10,1857213347.368421
3,True,0.3,exponential,nadam,100,10,
4,True,0.3,exponential,nadam,100,10,
5,True,0.3,exponential,nadam,100,10,
6,True,0.3,exponential,nadam,100,10,
7,True,0.3,exponential,nadam,100,10,
8,True,0.3,exponential,nadam,100,10,
9,True,0.3,exponential,nadam,100,10,
10,True,0.3,exponential,nadam,100,10,
11,True,0.3,exponential,nadam,100,10,
1,True,0.3,elu,nadam,100,10,39.438840765702096
2,True,0.3,elu,nadam,100,10,25.52365393387644
3,True,0.3,elu,nadam,100,10,33.764444853130136
4,True,0.3,elu,nadam,100,10,25.53320483157509
5,True,0.3,elu,nadam,100,10,14.005083284879985
6,True,0.3,elu,nadam,100,10,33.067237753617135
7,True,0.3,elu,nadam,100,10,26.66595910724841
8,True,0.3,elu,nadam,100,10,38.56005297209087
9,True,0.3,elu,nadam,100,10,46.416284259996914
10,True,0.3,elu,nadam,100,10,20.501302568536055
11,True,0.3,elu,nadam,100,10,26.293225790324964
1,True,0.3,linear,nadam,100,10,44.60201403969213
2,True,0.3,linear,nadam,100,10,45.69402413619192
3,True,0.3,linear,nadam,100,10,22.178816644768965
4,True,0.3,linear,nadam,100,10,24.226606870952406
5,True,0.3,linear,nadam,100,10,180.65225139417146
6,True,0.3,linear,nadam,100,10,45.10696732370477
7,True,0.3,linear,nadam,100,10,29.928404255917197
8,True,0.3,linear,nadam,100,10,37.04567693409167
9,True,0.3,linear,nadam,100,10,28.149862791362562
10,True,0.3,linear,nadam,100,10,36.84535367865311
11,True,0.3,linear,nadam,100,10,32.23438403480932
